English name,Formal Name,French name,Portuguese name,Spanish name,alpha-2,alpha-3,country-code,iso_3166-2,region,sub-region,region-code,sub-region-code,region-type,region-sub-type,sovereignty,capital,ISO-4217 Currency Code,ISO 4217 Currency Name,Telephone Code,IANA Country Code TLD
Andorra,Principality of Andorra,Andorre (l'),Andorra,Andorra,AD,AND,20,ISO 3166-2:AD,Europe,Southern Europe,150,39,Independent State,,,Andorra la Vella,EUR,Euro,376,.ad
United Arab Emirates (the),United Arab Emirates,Émirats Arabes Unis (les),Emirados Árabes Unidos,Emiratos Árabes Unidos,AE,ARE,784,ISO 3166-2:AE,Asia,Western Asia,142,145,Independent State,,,Abu Dhabi,AED,Dirham,971,.ae
Afghanistan,Islamic State of Afghanistan,Afghanistan (l'),Afeganistão,Afganistán,AF,AFG,4,ISO 3166-2:AF,Asia,Southern Asia,142,34,Independent State,,,Kabul,AFN,Afghani,93,.af
Antigua and Barbuda,,Antigua-et-Barbuda,Antígua e Barbuda,Antigua y Barbuda,AG,ATG,28,ISO 3166-2:AG,Americas,Caribbean,19,29,Independent State,,,Saint John's,XCD,Dollar,-267,.ag
Anguilla,,Anguilla,Anguilla,Anguila,AI,AIA,660,ISO 3166-2:AI,Americas,Caribbean,19,29,Dependency,Overseas Territory,United Kingdom,The Valley,XCD,Dollar,-263,.ai
Albania,Republic of Albania,Albanie (l'),Albânia,Albania,AL,ALB,8,ISO 3166-2:AL,Europe,Southern Europe,150,39,Independent State,,,Tirana,ALL,Lek,355,.al
Armenia,Republic of Armenia,Arménie (l'),Armênia,Armenia,AM,ARM,51,ISO 3166-2:AM,Asia,Western Asia,142,145,Independent State,,,Yerevan,AMD,Dram,374,.am
Angola,Republic of Angola,Angola (l'),Angola,Angola,AO,AGO,24,ISO 3166-2:AO,Africa,Middle Africa,2,17,Independent State,,,Luanda,AOA,Kwanza,244,.ao
Antarctica,,Antarctique (l'),Antártida,Antártida,AQ,ATA,10,ISO 3166-2:AQ,,,,,Antarctic Territory,Territory,,,,,,.aq
Argentina,Argentine Republic,Argentine (l'),Argentina,Argentina,AR,ARG,32,ISO 3166-2:AR,Americas,South America,19,5,Independent State,,,Buenos Aires,ARS,Peso,54,.ar
American Samoa,Territory of American Samoa,Samoa américaines (les),Samoa Americana,Samoa Americana,AS,ASM,16,ISO 3166-2:AS,Oceania,Polynesia,9,61,Dependency,Territory,United States,Pago Pago,USD,Dollar,-683,.as
Austria,Republic of Austria,Autriche (l'),Áustria,Austria,AT,AUT,40,ISO 3166-2:AT,Europe,Western Europe,150,155,Independent State,,,Vienna,EUR,Euro,43,.at
Australia,Commonwealth of Australia,Australie (l'),Austrália,Australia,AU,AUS,36,ISO 3166-2:AU,Oceania,Australia and New Zealand,9,53,Independent State,,,Canberra,AUD,Dollar,61,.au
Aruba,,Aruba,Aruba,Aruba,AW,ABW,533,ISO 3166-2:AW,Americas,Caribbean,19,29,Proto Dependency,Overseas Territory,Netherlands,Oranjestad,AWG,Guilder,297,.aw
Åland Islands,,Åland (les Îles),Ilhas Aland,Islas Áland,AX,ALA,248,ISO 3166-2:AX,Europe,Northern Europe,150,154,Proto Dependency,Overseas Territory,Finland,Mariehamn,EUR,Euro,340,.ax
Azerbaijan,Republic of Azerbaijan,Azerbaïdjan (l'),Azerbaijão,Azerbaiyán,AZ,AZE,31,ISO 3166-2:AZ,Asia,Western Asia,142,145,Independent State,,,Baku,AZN,Manat,994,.az
Bosnia and Herzegovina,,Bosnie-Herzégovine (la),Bósnia-Herzegóvina,Bosnia y Herzegovina,BA,BIH,70,ISO 3166-2:BA,Europe,Southern Europe,150,39,Independent State,,,Sarajevo,BAM,Marka,387,.ba
Barbados,,Barbade (la),Barbados,Barbados,BB,BRB,52,ISO 3166-2:BB,Americas,Caribbean,19,29,Independent State,,,Bridgetown,BBD,Dollar,-245,.bb
Bangladesh,People's Republic of Bangladesh,Bangladesh (le),Bangladesh,Bangladesh,BD,BGD,50,ISO 3166-2:BD,Asia,Southern Asia,142,34,Independent State,,,Dhaka,BDT,Taka,880,.bd
Belgium,Kingdom of Belgium,Belgique (la),Bélgica,Bélgica,BE,BEL,56,ISO 3166-2:BE,Europe,Western Europe,150,155,Independent State,,,Brussels,EUR,Euro,32,.be
Burkina Faso,,Burkina Faso (le),Burkina Fasso,Burkina Faso,BF,BFA,854,ISO 3166-2:BF,Africa,Western Africa,2,11,Independent State,,,Ouagadougou,XOF,Franc,226,.bf
Bulgaria,Republic of Bulgaria,Bulgarie (la),Bulgária,Bulgaria,BG,BGR,100,ISO 3166-2:BG,Europe,Eastern Europe,150,151,Independent State,,,Sofia,BGN,Lev,359,.bg
Bahrain,Kingdom of Bahrain,Bahreïn,Bahrein,Bahréin,BH,BHR,48,ISO 3166-2:BH,Asia,Western Asia,142,145,Independent State,,,Manama,BHD,Dinar,973,.bh
Burundi,Republic of Burundi,Burundi (le),Burundi,Burundi,BI,BDI,108,ISO 3166-2:BI,Africa,Eastern Africa,2,14,Independent State,,,Bujumbura,BIF,Franc,257,.bi
Benin,Republic of Benin,Bénin (le),Benin,Benin,BJ,BEN,204,ISO 3166-2:BJ,Africa,Western Africa,2,11,Independent State,,,Porto-Novo,XOF,Franc,229,.bj
Saint Barthélemy,Collectivity of Saint Barthelemy,Saint-Barthélemy,São Bartolomeu,San Bartolomé,BL,BLM,652,ISO 3166-2:BL,Americas,Caribbean,19,29,Dependency,Overseas Collectivity,France,Gustavia,EUR,Euro,590,.gp
Bermuda,,Bermudes (les),Bermudas,Bermudas,BM,BMU,60,ISO 3166-2:BM,Americas,Northern America,19,21,Dependency,Overseas Territory,United Kingdom,Hamilton,BMD,Dollar,-440,.bm
Brunei Darussalam,Negara Brunei Darussalam,Brunéi Darussalam (le),Brunei,Brunéi,BN,BRN,96,ISO 3166-2:BN,Asia,South-Eastern Asia,142,35,Independent State,,,Bandar Seri Begawan,BND,Dollar,673,.bn
Bolivia (Plurinational State of),Republic of Bolivia,Bolivie (État plurinational de),Bolívia,Bolivia,BO,BOL,68,ISO 3166-2:BO,Americas,South America,19,5,Independent State,,,La Paz (administrative/legislative) and Sucre (judical),BOB,Boliviano,591,.bo
"Bonaire, Sint Eustatius and Saba",,"Bonaire, Saint-Eustache et Saba","Bonaire, Santo Eustáquio e Saba",Isla de Bonaire,BQ,BES,535,ISO 3166-2:BQ,Americas,Caribbean,19,29,Dependency,Overseas Territory,Netherlands,Kralendijk,USD,Dollar,599-7,.bq
Brazil,Federative Republic of Brazil,Brésil (le),Brasil,Brasil,BR,BRA,76,ISO 3166-2:BR,Americas,South America,19,5,Independent State,,,Brasilia,BRL,Real,55,.br
Bahamas (the),Commonwealth of The Bahamas,Bahamas (les),Bahamas,Bahamas,BS,BHS,44,ISO 3166-2:BS,Americas,Caribbean,19,29,Independent State,,,Nassau,BSD,Dollar,-241,.bs
Bhutan,Kingdom of Bhutan,Bhoutan (le),Butão,Bhután,BT,BTN,64,ISO 3166-2:BT,Asia,Southern Asia,142,34,Independent State,,,Thimphu,BTN,Ngultrum,975,.bt
Bouvet Island,,Bouvet (l'Île),Ilha Bouvet (Território da Noruega),Isla Bouvet,BV,BVT,74,ISO 3166-2:BV,,,,,Dependency,Territory,Norway,,,,,.bv
Botswana,Republic of Botswana,Botswana (le),Botsuana,Botsuana,BW,BWA,72,ISO 3166-2:BW,Africa,Southern Africa,2,18,Independent State,,,Gaborone,BWP,Pula,267,.bw
Belarus,Republic of Belarus,Bélarus (le),Belarus,Belarús,BY,BLR,112,ISO 3166-2:BY,Europe,Eastern Europe,150,151,Independent State,,,Minsk,BYR,Ruble,375,.by
Belize,,Belize (le),Belize,Belice,BZ,BLZ,84,ISO 3166-2:BZ,Americas,Central America,19,13,Independent State,,,Belmopan,BZD,Dollar,501,.bz
Canada,,Canada (le),Canadá,Canadá,CA,CAN,124,ISO 3166-2:CA,Americas,Northern America,19,21,Independent State,,,Ottawa,CAD,Dollar,1,.ca
Cocos (Keeling) Islands (the),Territory of Cocos (Keeling) Islands,Cocos (les Îles)/ Keeling (les Îles),Ilhas Cocos,Islas Cocos,CC,CCK,166,ISO 3166-2:CC,,,,,Dependency,External Territory,Australia,West Island,AUD,Dollar,61,.cc
Congo (the Democratic Republic of the),Democratic Republic of the Congo,Congo (la République démocratique du),Congo (República Democrática do),Congo (República Democràtica del),CD,COD,180,ISO 3166-2:CD,Africa,Middle Africa,2,17,Independent State,,,Kinshasa,CDF,Franc,243,.cd
Central African Republic (the),,République centrafricaine (la),República Centro-Africana,República Centro-Africana,CF,CAF,140,ISO 3166-2:CF,Africa,Middle Africa,2,17,Independent State,,,Bangui,XAF,Franc,236,.cf
Congo (the),Republic of the Congo,Congo (le),Congo,Congo,CG,COG,178,ISO 3166-2:CG,Africa,Middle Africa,2,17,Independent State,,,Brazzaville,XAF,Franc,242,.cg
Switzerland,Swiss Confederation,Suisse (la),Suíça,Suiza,CH,CHE,756,ISO 3166-2:CH,Europe,Western Europe,150,155,Independent State,,,Bern,CHF,Franc,41,.ch
Côte d'Ivoire,Republic of Cote d'Ivoire,Côte d'Ivoire (la),Costa do Marfim,Costa de Marfil,CI,CIV,384,ISO 3166-2:CI,Africa,Western Africa,2,11,Independent State,,,Yamoussoukro,XOF,Franc,225,.ci
Cook Islands (the),,Cook (les Îles),Ilhas Cook,Islas Cook,CK,COK,184,ISO 3166-2:CK,Oceania,Polynesia,9,61,Dependency,Self-Governing in Free Association,New Zealand,Avarua,NZD,Dollar,682,.ck
Chile,Republic of Chile,Chili (le),Chile,Chile,CL,CHL,152,ISO 3166-2:CL,Americas,South America,19,5,Independent State,,,Santiago (administrative/judical) and Valparaiso (legislative),CLP,Peso,56,.cl
Cameroon,Republic of Cameroon,Cameroun (le),Camarões,Camerún,CM,CMR,120,ISO 3166-2:CM,Africa,Middle Africa,2,17,Independent State,,,Yaounde,XAF,Franc,237,.cm
China,People's Republic of China,Chine (la),China,China,CN,CHN,156,ISO 3166-2:CN,Asia,Eastern Asia,142,30,Independent State,,,Beijing,CNY,Yuan Renminbi,86,.cn
Colombia,Republic of Colombia,Colombie (la),Colômbia,Colombia,CO,COL,170,ISO 3166-2:CO,Americas,South America,19,5,Independent State,,,Bogota,COP,Peso,57,.co
Costa Rica,Republic of Costa Rica,Costa Rica (le),Costa Rica,Costa Rica,CR,CRI,188,ISO 3166-2:CR,Americas,Central America,19,13,Independent State,,,San Jose,CRC,Colon,506,.cr
Cuba,Republic of Cuba,Cuba,Cuba,Cuba,CU,CUB,192,ISO 3166-2:CU,Americas,Caribbean,19,29,Independent State,,,Havana,CUP,Peso,53,.cu
Cabo Verde,Republic of Cape Verde,Cabo Verde,Cabo Verde,Cabo Verde,CV,CPV,132,ISO 3166-2:CV,Africa,Western Africa,2,11,Independent State,,,Praia,CVE,Escudo,238,.cv
Curaçao,Country of Curaçao,Curaçao,Curaçao,Curaçao,CW,CUW,531,ISO 3166-2:CW,Americas,Caribbean,19,29,Proto Dependency,Overseas Territory,Netherlands,Willemstad,ANG,Guilder,599-9,.cw
Christmas Island,Territory of Christmas Island,Christmas (l'Île),Ilha Natal,Islas Christmas,CX,CXR,162,ISO 3166-2:CX,,,,,Dependency,External Territory,Australia,The Settlement (Flying Fish Cove),AUD,Dollar,61,.cx
Cyprus,Republic of Cyprus,Chypre,Chipre,Chipre,CY,CYP,196,ISO 3166-2:CY,Asia,Western Asia,142,145,Independent State,,,Nicosia,CYP,Pound,357,.cy
Czech Republic (the),,tchèque (la République),República Tcheca,República Checa,CZ,CZE,203,ISO 3166-2:CZ,Europe,Eastern Europe,150,151,Independent State,,,Prague,CZK,Koruna,420,.cz
Germany,Federal Republic of Germany,Allemagne (l'),Alemanha,Alemania,DE,DEU,276,ISO 3166-2:DE,Europe,Western Europe,150,155,Independent State,,,Berlin,EUR,Euro,49,.de
Djibouti,Republic of Djibouti,Djibouti,Djibuti,Yibuti,DJ,DJI,262,ISO 3166-2:DJ,Africa,Eastern Africa,2,14,Independent State,,,Djibouti,DJF,Franc,253,.dj
Denmark,Kingdom of Denmark,Danemark (le),Dinamarca,Dinamarca,DK,DNK,208,ISO 3166-2:DK,Europe,Northern Europe,150,154,Independent State,,,Copenhagen,DKK,Krone,45,.dk
Dominica,Commonwealth of Dominica,Dominique (la),Dominica,Domínica,DM,DMA,212,ISO 3166-2:DM,Americas,Caribbean,19,29,Independent State,,,Roseau,XCD,Dollar,-766,.dm
Dominican Republic (the),,dominicaine (la République),República Dominicana,República Dominicana,DO,DOM,214,ISO 3166-2:DO,Americas,Caribbean,19,29,Independent State,,,Santo Domingo,DOP,Peso,1-829,.do
Algeria,People's Democratic Republic of Algeria,Algérie (l'),Argélia,Argel,DZ,DZA,12,ISO 3166-2:DZ,Africa,Northern Africa,2,15,Independent State,,,Algiers,DZD,Dinar,213,.dz
Ecuador,Republic of Ecuador,Équateur (l'),Equador,Ecuador,EC,ECU,218,ISO 3166-2:EC,Americas,South America,19,5,Independent State,,,Quito,USD,Dollar,593,.ec
Estonia,Republic of Estonia,Estonie (l'),Estonia,Estonia,EE,EST,233,ISO 3166-2:EE,Europe,Northern Europe,150,154,Independent State,,,Tallinn,EEK,Kroon,372,.ee
Egypt,Arab Republic of Egypt,Égypte (l'),Egito,Egipto,EG,EGY,818,ISO 3166-2:EG,Africa,Northern Africa,2,15,Independent State,,,Cairo,EGP,Pound,20,.eg
Western Sahara,,Sahara Occidental (le),Saara Ocidental (ex-Spanish Sahara),Sahara Occidental,EH,ESH,732,ISO 3166-2:EH,Africa,Northern Africa,2,15,,,,Laayoune,MAD,Dihram,,
Eritrea,State of Eritrea,Érythrée (l'),Eritréia,Eritrea,ER,ERI,232,ISO 3166-2:ER,Africa,Eastern Africa,2,14,Independent State,,,Asmara,ERN,Nakfa,291,.er
Spain,Kingdom of Spain,Espagne (l'),Espanha,España,ES,ESP,724,ISO 3166-2:ES,Europe,Southern Europe,150,39,Independent State,,,Madrid,EUR,Euro,34,.es
Ethiopia,Federal Democratic Republic of Ethiopia,Éthiopie (l'),Etiópia,Etiopía,ET,ETH,231,ISO 3166-2:ET,Africa,Eastern Africa,2,14,Independent State,,,Addis Ababa,ETB,Birr,251,.et
Finland,Republic of Finland,Finlande (la),Finlândia,Finlandia,FI,FIN,246,ISO 3166-2:FI,Europe,Northern Europe,150,154,Independent State,,,Helsinki,EUR,Euro,358,.fi
Fiji,Republic of the Fiji Islands,Fidji (les),Fiji,Fiji,FJ,FJI,242,ISO 3166-2:FJ,Oceania,Melanesia,9,54,Independent State,,,Suva,FJD,Dollar,679,.fj
Falkland Islands (the) (Malvinas),,Falkland (les Îles)/Malouines (les Îles),Ilhas Falkland (Malvinas),Islas Malvinas,FK,FLK,238,ISO 3166-2:FK,Americas,South America,19,5,Dependency,Overseas Territory,United Kingdom,Stanley,FKP,Pound,500,.fk
Micronesia (Federated States of),Federated States of Micronesia,Micronésie (États fédérés de),Micronésia,Micronesia,FM,FSM,583,ISO 3166-2:FM,Oceania,Micronesia,9,57,Independent State,,,Palikir,USD,Dollar,691,.fm
Faroe Islands (the),,Féroé (les Îles),Ilhas Faroes,Islas Faroe,FO,FRO,234,ISO 3166-2:FO,Europe,Northern Europe,150,154,Proto Dependency,,Denmark,Torshavn,DKK,Krone,298,.fo
France,French Republic,France (la),França,Francia,FR,FRA,250,ISO 3166-2:FR,Europe,Western Europe,150,155,Independent State,,,Paris,EUR,Euro,33,.fr
Gabon,Gabonese Republic,Gabon (le),Gabão,Gabón,GA,GAB,266,ISO 3166-2:GA,Africa,Middle Africa,2,17,Independent State,,,Libreville,XAF,Franc,241,.ga
United Kingdom of Great Britain and Northern Ireland (the),United Kingdom of Great Britain and Northern Ireland,Royaume-Uni de Grande-Bretagne et d'Irlande du Nord (le),"Grã-Bretanha (Reino Unido, UK)",Reino Unido,GB,GBR,826,ISO 3166-2:GB,Europe,Northern Europe,150,154,Independent State,,,London,GBP,Pound,44,.uk
Grenada,,Grenade (la),Granada,Granada,GD,GRD,308,ISO 3166-2:GD,Americas,Caribbean,19,29,Independent State,,,Saint George's,XCD,Dollar,-472,.gd
Georgia,Republic of Georgia,Géorgie (la),Geórgia,Georgia,GE,GEO,268,ISO 3166-2:GE,Asia,Western Asia,142,145,Independent State,,,Tbilisi,GEL,Lari,995,.ge
French Guiana,Overseas Region of Guiana,Guyane française (la ),Guiana Francesa,Guayana Francesa,GF,GUF,254,ISO 3166-2:GF,Americas,South America,19,5,Proto Dependency,Overseas Region,France,Cayenne,EUR,Euro,594,.gf
Guernsey,Bailiwick of Guernsey,Guernesey,Guernsey,Guernsey,GG,GGY,831,ISO 3166-2:GG,Europe,Northern Europe,150,154,Dependency,Crown Dependency,United Kingdom,Saint Peter Port,GGP,Pound,44,.gg
Ghana,Republic of Ghana,Ghana (le),Gana,Ghana,GH,GHA,288,ISO 3166-2:GH,Africa,Western Africa,2,11,Independent State,,,Accra,GHC,Cedi,233,.gh
Gibraltar,,Gibraltar,Gibraltar,Gibraltar,GI,GIB,292,ISO 3166-2:GI,Europe,Southern Europe,150,39,Dependency,Overseas Territory,United Kingdom,Gibraltar,GIP,Pound,350,.gi
Greenland,,Groenland (le),Groelândia,Groenlandia,GL,GRL,304,ISO 3166-2:GL,Americas,Northern America,19,21,Proto Dependency,,Denmark,Nuuk (Godthab),DKK,Krone,299,.gl
Gambia (the),Republic of The Gambia,Gambie (la),Gâmbia,Gambia,GM,GMB,270,ISO 3166-2:GM,Africa,Western Africa,2,11,Independent State,,,Banjul,GMD,Dalasi,220,.gm
Guinea,Republic of Guinea,Guinée (la),Guiné,Guinea,GN,GIN,324,ISO 3166-2:GN,Africa,Western Africa,2,11,Independent State,,,Conakry,GNF,Franc,224,.gn
Guadeloupe,Overseas Region of Guadeloupe,Guadeloupe (la),Guadalupe,Guadalupe,GP,GLP,312,ISO 3166-2:GP,Americas,Caribbean,19,29,Proto Dependency,Overseas Region,France,Basse-Terre,EUR,Euro,590,.gp
Equatorial Guinea,Republic of Equatorial Guinea,Guinée équatoriale (la),Guiné Equatorial,Guinea Ecuatorial,GQ,GNQ,226,ISO 3166-2:GQ,Africa,Middle Africa,2,17,Independent State,,,Malabo,XAF,Franc,240,.gq
Greece,Hellenic Republic,Grèce (la),Grécia,Grecia,GR,GRC,300,ISO 3166-2:GR,Europe,Southern Europe,150,39,Independent State,,,Athens,EUR,Euro,30,.gr
South Georgia and the South Sandwich Islands,,Géorgie du Sud-et-les Îles Sandwich du Sud (la),Ilhas Geórgia do Sul e Sandwich do Sul,Georgia del Sur e Islas Sandwich del Sur,GS,SGS,239,ISO 3166-2:GS,,,,,Dependency,Overseas Territory,United Kingdom,,,,,.gs
Guatemala,Republic of Guatemala,Guatemala (le),Guatemala,Guatemala,GT,GTM,320,ISO 3166-2:GT,Americas,Central America,19,13,Independent State,,,Guatemala,GTQ,Quetzal,502,.gt
Guam,Territory of Guam,Guam,Guam (Território dos Estados Unidos),Guam,GU,GUM,316,ISO 3166-2:GU,Oceania,Micronesia,9,57,Dependency,Territory,United States,Hagatna,USD,Dollar,-670,.gu
Guinea-Bissau,Republic of Guinea-Bissau,Guinée-Bissau (la),Guiné-Bissau,Guinea-Bissau,GW,GNB,624,ISO 3166-2:GW,Africa,Western Africa,2,11,Independent State,,,Bissau,XOF,Franc,245,.gw
Guyana,Co-operative Republic of Guyana,Guyana (le),Guiana,Guayana,GY,GUY,328,ISO 3166-2:GY,Americas,South America,19,5,Independent State,,,Georgetown,GYD,Dollar,592,.gy
Hong Kong,Hong Kong Special Administrative Region,Hong Kong,Hong Kong,Hong Kong,HK,HKG,344,ISO 3166-2:HK,Asia,Eastern Asia,142,30,Proto Dependency,Special Administrative Region,China,,HKD,Dollar,852,.hk
Heard Island and McDonald Islands,Territory of Heard Island and McDonald Islands,Heard-et-Îles MacDonald (l'Île),Ilhas Heard e McDonald (Território da Austrália),Islas Heard y McDonald,HM,HMD,334,ISO 3166-2:HM,,,,,Dependency,External Territory,Australia,,,,,.hm
Honduras,Republic of Honduras,Honduras (le),Honduras,Honduras,HN,HND,340,ISO 3166-2:HN,Americas,Central America,19,13,Independent State,,,Tegucigalpa,HNL,Lempira,504,.hn
Croatia,Republic of Croatia,Croatie (la),Croácia (Hrvatska),Croacia,HR,HRV,191,ISO 3166-2:HR,Europe,Southern Europe,150,39,Independent State,,,Zagreb,HRK,Kuna,385,.hr
Haiti,Republic of Haiti,Haïti,Haiti,Haití,HT,HTI,332,ISO 3166-2:HT,Americas,Caribbean,19,29,Independent State,,,Port-au-Prince,HTG,Gourde,509,.ht
Hungary,Republic of Hungary,Hongrie (la),Hungria,Hungría,HU,HUN,348,ISO 3166-2:HU,Europe,Eastern Europe,150,151,Independent State,,,Budapest,HUF,Forint,36,.hu
Indonesia,Republic of Indonesia,Indonésie (l'),Indonésia,Indonesia,ID,IDN,360,ISO 3166-2:ID,Asia,South-Eastern Asia,142,35,Independent State,,,Jakarta,IDR,Rupiah,62,.id
Ireland,,Irlande (l'),Irlanda,Irlanda,IE,IRL,372,ISO 3166-2:IE,Europe,Northern Europe,150,154,Independent State,,,Dublin,EUR,Euro,353,.ie
Israel,State of Israel,Israël,Israel,Israel,IL,ISR,376,ISO 3166-2:IL,Asia,Western Asia,142,145,Independent State,,,Jerusalem,ILS,Shekel,972,.il
Isle of Man,,Île de Man,Ilha do Homem,Isla de Man,IM,IMN,833,ISO 3166-2:IM,Europe,Northern Europe,150,154,Dependency,Crown Dependency,United Kingdom,Douglas,IMP,Pound,44,.im
India,Republic of India,Inde (l'),Índia,India,IN,IND,356,ISO 3166-2:IN,Asia,Southern Asia,142,34,Independent State,,,New Delhi,INR,Rupee,91,.in
British Indian Ocean Territory (the),,Indien (le Territoire britannique de l'océan),Território Britânico do Oceano índico,Territorio Británico del Océano Índico,IO,IOT,86,ISO 3166-2:IO,,,,,Dependency,Overseas Territory,United Kingdom,,,,246,.io
Iraq,Republic of Iraq,Iraq (l'),Iraque,Irak,IQ,IRQ,368,ISO 3166-2:IQ,Asia,Western Asia,142,145,Independent State,,,Baghdad,IQD,Dinar,964,.iq
Iran (Islamic Republic of),Islamic Republic of Iran,Iran (République Islamique d'),Irã,Irán,IR,IRN,364,ISO 3166-2:IR,Asia,Southern Asia,142,34,Independent State,,,Tehran,IRR,Rial,98,.ir
Iceland,Republic of Iceland,Islande (l'),Islândia,Islandia,IS,ISL,352,ISO 3166-2:IS,Europe,Northern Europe,150,154,Independent State,,,Reykjavik,ISK,Krona,354,.is
Italy,Italian Republic,Italie (l'),Itália,Italia,IT,ITA,380,ISO 3166-2:IT,Europe,Southern Europe,150,39,Independent State,,,Rome,EUR,Euro,39,.it
Jersey,Bailiwick of Jersey,Jersey,Jersey,Jersey,JE,JEY,832,ISO 3166-2:JE,Europe,Northern Europe,150,154,Dependency,Crown Dependency,United Kingdom,Saint Helier,JEP,Pound,44,.je
Jamaica,,Jamaïque (la),Jamaica,Jamaica,JM,JAM,388,ISO 3166-2:JM,Americas,Caribbean,19,29,Independent State,,,Kingston,JMD,Dollar,-875,.jm
Jordan,Hashemite Kingdom of Jordan,Jordanie (la),Jordânia,Jordania,JO,JOR,400,ISO 3166-2:JO,Asia,Western Asia,142,145,Independent State,,,Amman,JOD,Dinar,962,.jo
Japan,,Japon (le),Japão,Japón,JP,JPN,392,ISO 3166-2:JP,Asia,Eastern Asia,142,30,Independent State,,,Tokyo,JPY,Yen,81,.jp
Kenya,Republic of Kenya,Kenya (le),Kênia,Kenia,KE,KEN,404,ISO 3166-2:KE,Africa,Eastern Africa,2,14,Independent State,,,Nairobi,KES,Shilling,254,.ke
Kyrgyzstan,Kyrgyz Republic,Kirghizistan (le),Kyrgyzstan,Kirguistán,KG,KGZ,417,ISO 3166-2:KG,Asia,Central Asia,142,143,Independent State,,,Bishkek,KGS,Som,996,.kg
Cambodia,Kingdom of Cambodia,Cambodge (le),Camboja,Camboya,KH,KHM,116,ISO 3166-2:KH,Asia,South-Eastern Asia,142,35,Independent State,,,Phnom Penh,KHR,Riels,855,.kh
Kiribati,Republic of Kiribati,Kiribati,Kiribati,Kiribati,KI,KIR,296,ISO 3166-2:KI,Oceania,Micronesia,9,57,Independent State,,,Tarawa,AUD,Dollar,686,.ki
Comoros (the),Union of Comoros,Comores (les),Ilhas Comores,Comoros,KM,COM,174,ISO 3166-2:KM,Africa,Eastern Africa,2,14,Independent State,,,Moroni,KMF,Franc,269,.km
Saint Kitts and Nevis,Federation of Saint Kitts and Nevis,Saint-Kitts-et-Nevis,São Cristóvão e Névis,San Cristóbal y Nieves,KN,KNA,659,ISO 3166-2:KN,Americas,Caribbean,19,29,Independent State,,,Basseterre,XCD,Dollar,-868,.kn
Korea (the Democratic People's Republic of),Democratic People's Republic of Korea,Corée (la République populaire démocratique de),Coréia do Norte,Corea del Norte,KP,PRK,408,ISO 3166-2:KP,Asia,Eastern Asia,142,30,Independent State,,,Pyongyang,KPW,Won,850,.kp
Korea (the Republic of),Republic of Korea,Corée (la République de),Coréia do Sul,Corea del Sur,KR,KOR,410,ISO 3166-2:KR,Asia,Eastern Asia,142,30,Independent State,,,Seoul,KRW,Won,82,.kr
Kuwait,State of Kuwait,Koweït (le),Kuait,Kuwait,KW,KWT,414,ISO 3166-2:KW,Asia,Western Asia,142,145,Independent State,,,Kuwait,KWD,Dinar,965,.kw
Cayman Islands (the),,Caïmans (les Îles),Ilhas Cayman,Islas Caimán,KY,CYM,136,ISO 3166-2:KY,Americas,Caribbean,19,29,Dependency,Overseas Territory,United Kingdom,George Town,KYD,Dollar,-344,.ky
Kazakhstan,Republic of Kazakhstan,Kazakhstan (le),Cazaquistão,Kazajstán,KZ,KAZ,398,ISO 3166-2:KZ,Asia,Central Asia,142,143,Independent State,,,Astana,KZT,Tenge,7,.kz
Lao People's Democratic Republic (the),Lao People's Democratic Republic,"Lao, République démocratique populaire",Laos,Laos,LA,LAO,418,ISO 3166-2:LA,Asia,South-Eastern Asia,142,35,Independent State,,,Vientiane,LAK,Kip,856,.la
Lebanon,Lebanese Republic,Liban (le),Líbano,Líbano,LB,LBN,422,ISO 3166-2:LB,Asia,Western Asia,142,145,Independent State,,,Beirut,LBP,Pound,961,.lb
Saint Lucia,,Sainte-Lucie,Santa Lúcia,Santa Lucía,LC,LCA,662,ISO 3166-2:LC,Americas,Caribbean,19,29,Independent State,,,Castries,XCD,Dollar,-757,.lc
Liechtenstein,Principality of Liechtenstein,Liechtenstein (le),Liechtenstein,Liechtenstein,LI,LIE,438,ISO 3166-2:LI,Europe,Western Europe,150,155,Independent State,,,Vaduz,CHF,Franc,423,.li
Sri Lanka,Democratic Socialist Republic of Sri Lanka,Sri Lanka,Sri Lanka,Sri Lanka,LK,LKA,144,ISO 3166-2:LK,Asia,Southern Asia,142,34,Independent State,,,Colombo (administrative/judical) and Sri Jayewardenepura Kotte (legislative),LKR,Rupee,94,.lk
Liberia,Republic of Liberia,Libéria (le),Libéria,Liberia,LR,LBR,430,ISO 3166-2:LR,Africa,Western Africa,2,11,Independent State,,,Monrovia,LRD,Dollar,231,.lr
Lesotho,Kingdom of Lesotho,Lesotho (le),Lesoto,Lesotho,LS,LSO,426,ISO 3166-2:LS,Africa,Southern Africa,2,18,Independent State,,,Maseru,LSL,Loti,266,.ls
Lithuania,Republic of Lithuania,Lituanie (la),Lituânia,Lituania,LT,LTU,440,ISO 3166-2:LT,Europe,Northern Europe,150,154,Independent State,,,Vilnius,LTL,Litas,370,.lt
Luxembourg,Grand Duchy of Luxembourg,Luxembourg (le),Luxemburgo,Luxemburgo,LU,LUX,442,ISO 3166-2:LU,Europe,Western Europe,150,155,Independent State,,,Luxembourg,EUR,Euro,352,.lu
Latvia,Republic of Latvia,Lettonie (la),Látvia,Letonia,LV,LVA,428,ISO 3166-2:LV,Europe,Northern Europe,150,154,Independent State,,,Riga,LVL,Lat,371,.lv
Libya,Great Socialist People's Libyan Arab Jamahiriya,Libye (la),Líbia,Libia,LY,LBY,434,ISO 3166-2:LY,Africa,Northern Africa,2,15,Independent State,,,Tripoli,LYD,Dinar,218,.ly
Morocco,Kingdom of Morocco,Maroc (le),Marrocos,Marruecos,MA,MAR,504,ISO 3166-2:MA,Africa,Northern Africa,2,15,Independent State,,,Rabat,MAD,Dirham,212,.ma
Monaco,Principality of Monaco,Monaco,Mónaco,Mónaco,MC,MCO,492,ISO 3166-2:MC,Europe,Western Europe,150,155,Independent State,,,Monaco,EUR,Euro,377,.mc
Moldova (the Republic of),Republic of Moldova,"Moldova, République de",Moldova,Moldova,MD,MDA,498,ISO 3166-2:MD,Europe,Eastern Europe,150,151,Independent State,,,Chisinau,MDL,Leu,373,.md
Montenegro,Republic of Montenegro,Monténégro (le),Montenegro,Montenegro,ME,MNE,499,ISO 3166-2:ME,Europe,Southern Europe,150,39,Independent State,,,Podgorica,EUR,Euro,382,.me and .yu
Saint Martin (French part),Collectivity of Saint Martin,Saint-Martin (partie française),São Martinho (parte francesa),Isla de San Martín (parte francesa),MF,MAF,663,ISO 3166-2:MF,Americas,Caribbean,19,29,Dependency,Overseas Collectivity,France,Marigot,EUR,Euro,590,.gp
Madagascar,Republic of Madagascar,Madagascar,Madagascar,Madagascar,MG,MDG,450,ISO 3166-2:MG,Africa,Eastern Africa,2,14,Independent State,,,Antananarivo,MGA,Ariary,261,.mg
Marshall Islands (the),Republic of the Marshall Islands,Marshall (Îles),Ilhas Marshall,Islas Marshall,MH,MHL,584,ISO 3166-2:MH,Oceania,Micronesia,9,57,Independent State,,,Majuro,USD,Dollar,692,.mh
Macedonia (the former Yugoslav Republic of),Republic of Macedonia,Macédoine (l'ex‑République yougoslave de),Macedónia (República Yugoslava),Macedonia,MK,MKD,807,ISO 3166-2:MK,Europe,Southern Europe,150,39,Independent State,,,Skopje,MKD,Denar,389,.mk
Mali,Republic of Mali,Mali (le),Mali,Mali,ML,MLI,466,ISO 3166-2:ML,Africa,Western Africa,2,11,Independent State,,,Bamako,XOF,Franc,223,.ml
Myanmar,Union of Myanmar,Myanmar (le),Myanma (ex-Burma),Myanmar,MM,MMR,104,ISO 3166-2:MM,Asia,South-Eastern Asia,142,35,Independent State,,,Naypyidaw,MMK,Kyat,95,.mm
Mongolia,,Mongolie (la),Mongólia,Mongolia,MN,MNG,496,ISO 3166-2:MN,Asia,Eastern Asia,142,30,Independent State,,,Ulaanbaatar,MNT,Tugrik,976,.mn
Macao,Macau Special Administrative Region,Macao,Macau,Macao,MO,MAC,446,ISO 3166-2:MO,Asia,Eastern Asia,142,30,Proto Dependency,Special Administrative Region,China,Macau,MOP,Pataca,853,.mo
Northern Mariana Islands (the),Commonwealth of The Northern Mariana Islands,Mariannes du Nord (les Îles),Ilhas Marianas do Norte,Islas Marianas del Norte,MP,MNP,580,ISO 3166-2:MP,Oceania,Micronesia,9,57,Dependency,Commonwealth,United States,Saipan,USD,Dollar,-669,.mp
Martinique,Overseas Region of Martinique,Martinique (la),Martinica,Martinica,MQ,MTQ,474,ISO 3166-2:MQ,Americas,Caribbean,19,29,Proto Dependency,Overseas Region,France,Fort-de-France,EUR,Euro,596,.mq
Mauritania,Islamic Republic of Mauritania,Mauritanie (la),Mauritânia,Mauritania,MR,MRT,478,ISO 3166-2:MR,Africa,Western Africa,2,11,Independent State,,,Nouakchott,MRO,Ouguiya,222,.mr
Montserrat,,Montserrat,Montserrat,Montserrat,MS,MSR,500,ISO 3166-2:MS,Americas,Caribbean,19,29,Dependency,Overseas Territory,United Kingdom,Plymouth,XCD,Dollar,-663,.ms
Malta,Republic of Malta,Malte,Malta,Malta,MT,MLT,470,ISO 3166-2:MT,Europe,Southern Europe,150,39,Independent State,,,Valletta,MTL,Lira,356,.mt
Mauritius,Republic of Mauritius,Maurice,Maurício,Mauricio,MU,MUS,480,ISO 3166-2:MU,Africa,Eastern Africa,2,14,Independent State,,,Port Louis,MUR,Rupee,230,.mu
Maldives,Republic of Maldives,Maldives (les),Maldivas,Maldivas,MV,MDV,462,ISO 3166-2:MV,Asia,Southern Asia,142,34,Independent State,,,Male,MVR,Rufiyaa,960,.mv
Malawi,Republic of Malawi,Malawi (le),Malaui,Malawi,MW,MWI,454,ISO 3166-2:MW,Africa,Eastern Africa,2,14,Independent State,,,Lilongwe,MWK,Kwacha,265,.mw
Mexico,United Mexican States,Mexique (le),México,México,MX,MEX,484,ISO 3166-2:MX,Americas,Central America,19,13,Independent State,,,Mexico,MXN,Peso,52,.mx
Malaysia,,Malaisie (la),Malásia,Malasia,MY,MYS,458,ISO 3166-2:MY,Asia,South-Eastern Asia,142,35,Independent State,,,Kuala Lumpur (legislative/judical) and Putrajaya (administrative),MYR,Ringgit,60,.my
Mozambique,Republic of Mozambique,Mozambique (le),Moçambique,Mozambique,MZ,MOZ,508,ISO 3166-2:MZ,Africa,Eastern Africa,2,14,Independent State,,,Maputo,MZM,Meticail,258,.mz
Namibia,Republic of Namibia,Namibie (la),Namíbia,Namibia,NA,NAM,516,ISO 3166-2:NA,Africa,Southern Africa,2,18,Independent State,,,Windhoek,NAD,Dollar,264,.na
New Caledonia,,Nouvelle-Calédonie (la),Nova Caledónia,Nueva Caledonia,NC,NCL,540,ISO 3166-2:NC,Oceania,Melanesia,9,54,Dependency,Sui generis Collectivity,France,Noumea,XPF,Franc,687,.nc
Niger (the),Republic of Niger,Niger (le),Níger,Níger,NE,NER,562,ISO 3166-2:NE,Africa,Western Africa,2,11,Independent State,,,Niamey,XOF,Franc,227,.ne
Norfolk Island,Territory of Norfolk Island,Norfolk (l'Île),Ilhas Norfolk,Islas Norkfolk,NF,NFK,574,ISO 3166-2:NF,Oceania,Australia and New Zealand,9,53,Dependency,External Territory,Australia,Kingston,AUD,Dollar,672,.nf
Nigeria,Federal Republic of Nigeria,Nigéria (le),Nigéria,Nigeria,NG,NGA,566,ISO 3166-2:NG,Africa,Western Africa,2,11,Independent State,,,Abuja,NGN,Naira,234,.ng
Nicaragua,Republic of Nicaragua,Nicaragua (le),Nicarágua,Nicaragua,NI,NIC,558,ISO 3166-2:NI,Americas,Central America,19,13,Independent State,,,Managua,NIO,Cordoba,505,.ni
Netherlands (the),Kingdom of the Netherlands,Pays-Bas (les),Holanda,Países Bajos,NL,NLD,528,ISO 3166-2:NL,Europe,Western Europe,150,155,Independent State,,,Amsterdam (administrative) and The Hague (legislative/judical),EUR,Euro,31,.nl
Norway,Kingdom of Norway,Norvège (la),Noruega,Noruega,NO,NOR,578,ISO 3166-2:NO,Europe,Northern Europe,150,154,Independent State,,,Oslo,NOK,Krone,47,.no
Nepal,,Népal (le),Nepal,Nepal,NP,NPL,524,ISO 3166-2:NP,Asia,Southern Asia,142,34,Independent State,,,Kathmandu,NPR,Rupee,977,.np
Nauru,Republic of Nauru,Nauru,Nauru,Nauru,NR,NRU,520,ISO 3166-2:NR,Oceania,Micronesia,9,57,Independent State,,,Yaren,AUD,Dollar,674,.nr
Niue,,Niue,Niue,Niue,NU,NIU,570,ISO 3166-2:NU,Oceania,Polynesia,9,61,Dependency,Self-Governing in Free Association,New Zealand,Alofi,NZD,Dollar,683,.nu
New Zealand,,Nouvelle-Zélande (la),Nova Zelândia,Nueva Zelanda,NZ,NZL,554,ISO 3166-2:NZ,Oceania,Australia and New Zealand,9,53,Independent State,,,Wellington,NZD,Dollar,64,.nz
Oman,Sultanate of Oman,Oman,Omã,Omán,OM,OMN,512,ISO 3166-2:OM,Asia,Western Asia,142,145,Independent State,,,Muscat,OMR,Rial,968,.om
Panama,Republic of Panama,Panama (le),Panamá,Panamá,PA,PAN,591,ISO 3166-2:PA,Americas,Central America,19,13,Independent State,,,Panama,PAB,Balboa,507,.pa
Peru,Republic of Peru,Pérou (le),Peru,Perú,PE,PER,604,ISO 3166-2:PE,Americas,South America,19,5,Independent State,,,Lima,PEN,Sol,51,.pe
French Polynesia,Overseas Country of French Polynesia,Polynésie française (la),Polinésia Francesa,Polinesia Francesa,PF,PYF,258,ISO 3166-2:PF,Oceania,Polynesia,9,61,Dependency,Overseas Collectivity,France,Papeete,XPF,Franc,689,.pf
Papua New Guinea,Independent State of Papua New Guinea,Papouasie-Nouvelle-Guinée (la),Papua-Nova Guiné,Papúa Nueva Guinea,PG,PNG,598,ISO 3166-2:PG,Oceania,Melanesia,9,54,Independent State,,,Port Moresby,PGK,Kina,675,.pg
Philippines (the),Republic of the Philippines,Philippines (les),Filipinas,Filipinas,PH,PHL,608,ISO 3166-2:PH,Asia,South-Eastern Asia,142,35,Independent State,,,Manila,PHP,Peso,63,.ph
Pakistan,Islamic Republic of Pakistan,Pakistan (le),Paquistão,Pakistán,PK,PAK,586,ISO 3166-2:PK,Asia,Southern Asia,142,34,Independent State,,,Islamabad,PKR,Rupee,92,.pk
Poland,Republic of Poland,Pologne (la),Polónia,Polonia,PL,POL,616,ISO 3166-2:PL,Europe,Eastern Europe,150,151,Independent State,,,Warsaw,PLN,Zloty,48,.pl
Saint Pierre and Miquelon,Territorial Collectivity of Saint Pierre and Miquelon,Saint-Pierre-et-Miquelon,St. Pierre and Miquelon,San Pedro y Miquelón,PM,SPM,666,ISO 3166-2:PM,Americas,Northern America,19,21,Dependency,Overseas Collectivity,France,Saint-Pierre,EUR,Euro,508,.pm
Pitcairn,,Pitcairn,Ilha Pitcairn,Islas Pitcairn,PN,PCN,612,ISO 3166-2:PN,Oceania,Polynesia,9,61,Dependency,Overseas Territory,United Kingdom,Adamstown,NZD,Dollar,,.pn
Puerto Rico,Commonwealth of Puerto Rico,Porto Rico,Porto Rico,Puerto Rico,PR,PRI,630,ISO 3166-2:PR,Americas,Caribbean,19,29,Dependency,Commonwealth,United States,San Juan,USD,Dollar,+1-787 and 1-939,.pr
"Palestine, State of",,"Palestine, État de",Territórios Palestinos Ocupados,Palestina,PS,PSE,275,ISO 3166-2:PS,Asia,Western Asia,142,145,,,,East Jerusalem,EGP,Pound,970,.ps
Portugal,Portuguese Republic,Portugal (le),Portugal,Portugal,PT,PRT,620,ISO 3166-2:PT,Europe,Southern Europe,150,39,Independent State,,,Lisbon,EUR,Euro,351,.pt
Palau,Republic of Palau,Palaos (les),Palau,Islas Palaos,PW,PLW,585,ISO 3166-2:PW,Oceania,Micronesia,9,57,Independent State,,,Melekeok,USD,Dollar,680,.pw
Paraguay,Republic of Paraguay,Paraguay (le),Paraguai,Paraguay,PY,PRY,600,ISO 3166-2:PY,Americas,South America,19,5,Independent State,,,Asuncion,PYG,Guarani,595,.py
Qatar,State of Qatar,Qatar (le),Qatar,Qatar,QA,QAT,634,ISO 3166-2:QA,Asia,Western Asia,142,145,Independent State,,,Doha,QAR,Rial,974,.qa
Réunion,Overseas Region of Reunion,Réunion (La),Ilha Reunião,Reunión,RE,REU,638,ISO 3166-2:RE,Africa,Eastern Africa,2,14,Proto Dependency,Overseas Region,France,Saint-Denis,EUR,Euro,262,.re
Romania,,Roumanie (la),Romênia,Rumanía,RO,ROU,642,ISO 3166-2:RO,Europe,Eastern Europe,150,151,Independent State,,,Bucharest,RON,Leu,40,.ro
Serbia,Republic of Serbia,Serbie (la),Sérvia,Serbia y Montenegro,RS,SRB,688,ISO 3166-2:RS,Europe,Southern Europe,150,39,Independent State,,,Belgrade,RSD,Dinar,381,.rs and .yu
Russian Federation (the),Russian Federation,Russie (la Fédération de),Federação Russa,Rusia,RU,RUS,643,ISO 3166-2:RU,Europe,Eastern Europe,150,151,Independent State,,,Moscow,RUB,Ruble,7,.ru and .su
Rwanda,Republic of Rwanda,Rwanda (le),Ruanda,Ruanda,RW,RWA,646,ISO 3166-2:RW,Africa,Eastern Africa,2,14,Independent State,,,Kigali,RWF,Franc,250,.rw
Saudi Arabia,Kingdom of Saudi Arabia,Arabie saoudite (l'),Arábia Saudita,Arabia Saudita,SA,SAU,682,ISO 3166-2:SA,Asia,Western Asia,142,145,Independent State,,,Riyadh,SAR,Rial,966,.sa
Solomon Islands,,Salomon (Îles),Ilhas Solomão,Islas Solomón,SB,SLB,90,ISO 3166-2:SB,Oceania,Melanesia,9,54,Independent State,,,Honiara,SBD,Dollar,677,.sb
Seychelles,Republic of Seychelles,Seychelles (les),Ilhas Seychelles,Seychelles,SC,SYC,690,ISO 3166-2:SC,Africa,Eastern Africa,2,14,Independent State,,,Victoria,SCR,Rupee,248,.sc
Sudan (the),Republic of the Sudan,Soudan (le),Sudão,Sudán,SD,SDN,729,ISO 3166-2:SD,Africa,Northern Africa,2,15,Independent State,,,Khartoum,SDD,Dinar,249,.sd
Sweden,Kingdom of Sweden,Suède (la),Suécia,Suecia,SE,SWE,752,ISO 3166-2:SE,Europe,Northern Europe,150,154,Independent State,,,Stockholm,SEK,Kronoa,46,.se
Singapore,Republic of Singapore,Singapour,Cingapura,Singapur,SG,SGP,702,ISO 3166-2:SG,Asia,South-Eastern Asia,142,35,Independent State,,,Singapore,SGD,Dollar,65,.sg
"Saint Helena, Ascension and Tristan da Cunha",,"Sainte-Hélène, Ascension et Tristan da Cunha",Santa Helena,Santa Elena,SH,SHN,654,ISO 3166-2:SH,Africa,Western Africa,2,11,Dependency,Overseas Territory,United Kingdom,Jamestown,SHP,Pound,290,.sh
Slovenia,Republic of Slovenia,Slovénie (la),Eslovênia,Eslovenia,SI,SVN,705,ISO 3166-2:SI,Europe,Southern Europe,150,39,Independent State,,,Ljubljana,EUR,Euro,386,.si
Svalbard and Jan Mayen,,Svalbard et l'Île Jan Mayen (le),Ilhas Svalbard e Jan Mayen,Islas Svalbard y Jan Mayen,SJ,SJM,744,ISO 3166-2:SJ,Europe,Northern Europe,150,154,Proto Dependency,,Norway,Longyearbyen,NOK,Krone,47,.sj
Slovakia,Slovak Republic,Slovaquie (la),Eslováquia,Eslovaquia,SK,SVK,703,ISO 3166-2:SK,Europe,Eastern Europe,150,151,Independent State,,,Bratislava,SKK,Koruna,421,.sk
Sierra Leone,Republic of Sierra Leone,Sierra Leone (la),Serra Leoa,Sierra Leona,SL,SLE,694,ISO 3166-2:SL,Africa,Western Africa,2,11,Independent State,,,Freetown,SLL,Leone,232,.sl
San Marino,Republic of San Marino,Saint-Marin,San Marino,San Marino,SM,SMR,674,ISO 3166-2:SM,Europe,Southern Europe,150,39,Independent State,,,San Marino,EUR,Euro,378,.sm
Senegal,Republic of Senegal,Sénégal (le),Senegal,Senegal,SN,SEN,686,ISO 3166-2:SN,Africa,Western Africa,2,11,Independent State,,,Dakar,XOF,Franc,221,.sn
Somalia,,Somalie (la),Somália,Somalia,SO,SOM,706,ISO 3166-2:SO,Africa,Eastern Africa,2,14,Independent State,,,Mogadishu,SOS,Shilling,252,.so
Suriname,Republic of Suriname,Suriname (le),Suriname,Surinam,SR,SUR,740,ISO 3166-2:SR,Americas,South America,19,5,Independent State,,,Paramaribo,SRD,Dollar,597,.sr
South Sudan,Republic of South Sudan,Soudan du Sud (le),Sudão do Sul,Sudán del Sur,SS,SSD,728,ISO 3166-2:SS,Africa,Eastern Africa,2,14,Independent State,,,Juba,SSP,Pound,211,.ss
Sao Tome and Principe,Democratic Republic of Sao Tome and Principe,Sao Tomé-et-Principe,São Tomé e Príncipe,Santo Tomé y Príncipe,ST,STP,678,ISO 3166-2:ST,Africa,Middle Africa,2,17,Independent State,,,Sao Tome,STD,Dobra,239,.st
El Salvador,Republic of El Salvador,El Salvador,El Salvador,El Salvador,SV,SLV,222,ISO 3166-2:SV,Americas,Central America,19,13,Independent State,,,San Salvador,USD,Dollar,503,.sv
Sint Maarten (Dutch part),,Saint-Martin (partie néerlandaise),São Martinho (parte holandesa),Isla de San Martín (parte neerlandés),SX,SXM,534,ISO 3166-2:SX,Americas,Caribbean,19,29,Proto Dependency,Overseas Territory,Netherlands,Philipsburg,ANG,Guilder,1-721,.sx
Syrian Arab Republic,Syrian Arab Republic,République arabe syrienne (la),Síria,Siria,SY,SYR,760,ISO 3166-2:SY,Asia,Western Asia,142,145,Independent State,,,Damascus,SYP,Pound,963,.sy
Swaziland,Kingdom of Swaziland,Swaziland (le),Suazilândia,Suazilandia,SZ,SWZ,748,ISO 3166-2:SZ,Africa,Southern Africa,2,18,Independent State,,,Mbabane (administrative) and Lobamba (legislative),SZL,Lilangeni,268,.sz
Turks and Caicos Islands (the),,Turks-et-Caïcos (les Îles),Ilhas Turks e Caicos,Islas Turcas y Caicos,TC,TCA,796,ISO 3166-2:TC,Americas,Caribbean,19,29,Dependency,Overseas Territory,United Kingdom,Grand Turk,USD,Dollar,-648,.tc
Chad,Republic of Chad,Tchad (le),Chade,Chad,TD,TCD,148,ISO 3166-2:TD,Africa,Middle Africa,2,17,Independent State,,,N'Djamena,XAF,Franc,235,.td
French Southern Territories (the),Territory of the French Southern and Antarctic Lands,Terres australes françaises (les),Territórios do Sul da França,Territorios Australes Franceses,TF,ATF,260,ISO 3166-2:TF,,,,,Dependency,Overseas Territory,France,Martin-de-Viviès,,,,.tf
Togo,Togolese Republic,Togo (le),Togo,Togo,TG,TGO,768,ISO 3166-2:TG,Africa,Western Africa,2,11,Independent State,,,Lome,XOF,Franc,228,.tg
Thailand,Kingdom of Thailand,Thaïlande (la),Tailândia,Tailandia,TH,THA,764,ISO 3166-2:TH,Asia,South-Eastern Asia,142,35,Independent State,,,Bangkok,THB,Baht,66,.th
Tajikistan,Republic of Tajikistan,Tadjikistan (le),Tadjiquistão,Tayikistán,TJ,TJK,762,ISO 3166-2:TJ,Asia,Central Asia,142,143,Independent State,,,Dushanbe,TJS,Somoni,992,.tj
Tokelau,,Tokelau (les),Ilhas Tokelau,Tokelau,TK,TKL,772,ISO 3166-2:TK,Oceania,Polynesia,9,61,Dependency,Territory,New Zealand,,NZD,Dollar,690,.tk
Timor-Leste,Democratic Republic of Timor-Leste,Timor-Leste (le),Timor Leste,Timor-Leste,TL,TLS,626,ISO 3166-2:TL,Asia,South-Eastern Asia,142,35,Independent State,,,Dili,USD,Dollar,670,.tp and .tl
Turkmenistan,,Turkménistan (le),Turcomenistão,Turkmenistán,TM,TKM,795,ISO 3166-2:TM,Asia,Central Asia,142,143,Independent State,,,Ashgabat,TMM,Manat,993,.tm
Tunisia,Tunisian Republic,Tunisie (la),Tunísia,Túnez,TN,TUN,788,ISO 3166-2:TN,Africa,Northern Africa,2,15,Independent State,,,Tunis,TND,Dinar,216,.tn
Tonga,Kingdom of Tonga,Tonga (les),Tonga,Tonga,TO,TON,776,ISO 3166-2:TO,Oceania,Polynesia,9,61,Independent State,,,Nuku'alofa,TOP,Pa'anga,676,.to
Turkey,Republic of Turkey,Turquie (la),Turquia,Turquía,TR,TUR,792,ISO 3166-2:TR,Asia,Western Asia,142,145,Independent State,,,Ankara,TRY,Lira,90,.tr
Trinidad and Tobago,Republic of Trinidad and Tobago,Trinité-et-Tobago (la),Trinidade e Tobago,Trinidad y Tobago,TT,TTO,780,ISO 3166-2:TT,Americas,Caribbean,19,29,Independent State,,,Port-of-Spain,TTD,Dollar,-867,.tt
Tuvalu,,Tuvalu (les),Tuvalu,Tuvalu,TV,TUV,798,ISO 3166-2:TV,Oceania,Polynesia,9,61,Independent State,,,Funafuti,AUD,Dollar,688,.tv
Taiwan (Province of China),Republic of China,Taïwan (Province de Chine),Taiwan,Taiwán,TW,TWN,158,ISO 3166-2:TW,Asia,Eastern Asia,142,30,Proto Independent State,,,Taipei,TWD,Dollar,886,.tw
"Tanzania, United Republic of",United Republic of Tanzania,"Tanzanie, République-Unie de",Tanzânia,Tanzania,TZ,TZA,834,ISO 3166-2:TZ,Africa,Eastern Africa,2,14,Independent State,,,Dar es Salaam (administrative/judical) and Dodoma (legislative),TZS,Shilling,255,.tz
Ukraine,,Ukraine (l'),Ucrânia,Ucrania,UA,UKR,804,ISO 3166-2:UA,Europe,Eastern Europe,150,151,Independent State,,,Kiev,UAH,Hryvnia,380,.ua
Uganda,Republic of Uganda,Ouganda (l'),Uganda,Uganda,UG,UGA,800,ISO 3166-2:UG,Africa,Eastern Africa,2,14,Independent State,,,Kampala,UGX,Shilling,256,.ug
United States Minor Outlying Islands (the),,Îles mineures éloignées des États-Unis (les),Ilhas Menores dos Estados Unidos,Islas Ultramarinas Menores de Estados Unidos,UM,UMI,581,ISO 3166-2:UM,,,,,Dependency,Territory,United States,,,,,
United States of America (the),United States of America,États-Unis d'Amérique (les),Estados Unidos,Estados Unidos de América,US,USA,840,ISO 3166-2:US,Americas,Northern America,19,21,Independent State,,,Washington,USD,Dollar,1,.us
Uruguay,Oriental Republic of Uruguay,Uruguay (l'),Uruguai,Uruguay,UY,URY,858,ISO 3166-2:UY,Americas,South America,19,5,Independent State,,,Montevideo,UYU,Peso,598,.uy
Uzbekistan,Republic of Uzbekistan,Ouzbékistan (l'),Uzbequistão,Uzbekistán,UZ,UZB,860,ISO 3166-2:UZ,Asia,Central Asia,142,143,Independent State,,,Tashkent,UZS,Som,998,.uz
Holy See (the),State of the Vatican City,Saint-Siège (le),Vaticano,Ciudad del Vaticano,VA,VAT,336,ISO 3166-2:VA,Europe,Southern Europe,150,39,Independent State,,,Vatican City,EUR,Euro,379,.va
Saint Vincent and the Grenadines,,Saint-Vincent-et-les Grenadines,Saint Vincente e Granadinas,San Vicente y las Granadinas,VC,VCT,670,ISO 3166-2:VC,Americas,Caribbean,19,29,Independent State,,,Kingstown,XCD,Dollar,-783,.vc
Venezuela (Bolivarian Republic of),Bolivarian Republic of Venezuela,Venezuela (République bolivarienne du),Venezuela,Venezuela,VE,VEN,862,ISO 3166-2:VE,Americas,South America,19,5,Independent State,,,Caracas,VEB,Bolivar,58,.ve
Virgin Islands (British),,Vierges britanniques (les Îles),Ilhas Virgens (Inglaterra),Islas Vírgenes Británicas,VG,VGB,92,ISO 3166-2:VG,Americas,Caribbean,19,29,Dependency,Overseas Territory,United Kingdom,Road Town,USD,Dollar,-283,.vg
Virgin Islands (U.S.),United States Virgin Islands,Vierges des États-Unis (les Îles),Ilhas Virgens (Estados Unidos),Islas Vírgenes de los Estados Unidos de América,VI,VIR,850,ISO 3166-2:VI,Americas,Caribbean,19,29,Dependency,Territory,United States,Charlotte Amalie,USD,Dollar,-339,.vi
Viet Nam,Socialist Republic of Vietnam,Viet Nam (le),Vietnam,Vietnam,VN,VNM,704,ISO 3166-2:VN,Asia,South-Eastern Asia,142,35,Independent State,,,Hanoi,VND,Dong,84,.vn
Vanuatu,Republic of Vanuatu,Vanuatu (le),Vanuatu,Vanuatu,VU,VUT,548,ISO 3166-2:VU,Oceania,Melanesia,9,54,Independent State,,,Port-Vila,VUV,Vatu,678,.vu
Wallis and Futuna,Collectivity of the Wallis and Futuna Islands,Wallis-et-Futuna,Ilhas Wallis e Futuna,Wallis y Futuna,WF,WLF,876,ISO 3166-2:WF,Oceania,Polynesia,9,61,Dependency,Overseas Collectivity,France,Mata'utu,XPF,Franc,681,.wf
Samoa,Independent State of Samoa,Samoa (le),Samoa Ocidental,Samoa,WS,WSM,882,ISO 3166-2:WS,Oceania,Polynesia,9,61,Independent State,,,Apia,WST,Tala,685,.ws
Yemen,Republic of Yemen,Yémen (le),Iêmen,Yemen,YE,YEM,887,ISO 3166-2:YE,Asia,Western Asia,142,145,Independent State,,,Sanaa,YER,Rial,967,.ye
Mayotte,Departmental Collectivity of Mayotte,Mayotte,Mayotte,Mayotte,YT,MYT,175,ISO 3166-2:YT,Africa,Eastern Africa,2,14,Dependency,Overseas Collectivity,France,Mamoudzou,EUR,Euro,262,.yt
South Africa,Republic of South Africa,Afrique du Sud (l'),África do Sul,Sudáfrica,ZA,ZAF,710,ISO 3166-2:ZA,Africa,Southern Africa,2,18,Independent State,,,"Pretoria (administrative), Cape Town (legislative), and Bloemfontein (judical)",ZAR,Rand,27,.za
Zambia,Republic of Zambia,Zambie (la),Zâmbia,Zambia,ZM,ZMB,894,ISO 3166-2:ZM,Africa,Eastern Africa,2,14,Independent State,,,Lusaka,ZMK,Kwacha,260,.zm
Zimbabwe,Republic of Zimbabwe,Zimbabwe (le),Zimbábue,Zimbabue,ZW,ZWE,716,ISO 3166-2:ZW,Africa,Eastern Africa,2,14,Independent State,,,Harare,ZWD,Dollar,263,.zw